ID,Árbitro,Datos,Foto
Abal,Diego Abal,sin datos,https://blogger.googleusercontent.com/img/a/AVvXsEgty4IVlpmGOIqVInovXB0scxY1Ec1_K07fLbIrEqYVLSTB9lfxmRaXsI2f4pcNuJLW5BmJCrBliodhwQXcB9jrJVOqSL3AxpGc2n7od9obmhSVimMGURl5k8F70PuBSJR5o0_Qj_j2MsaFK7RGQswynY7z9hdj-1NiN7Azf-ZMe-Bzb0BNmOu20K5i-4LW
Álvarez,Luis Álvarez,sin datos,https://blogger.googleusercontent.com/img/a/AVvXsEgxx5Wd5xBgs1xOuf9Y0Mlb3fPLhfKMmtliaOO9JuUVcRrbS_AjiXgcXXstokOMw4fby--N4RIm6IcKcsE4I8oxCpy6QJILJo4CGKf35lZsXhzEAlusYdY2QjBKScRMLOrBiAnc4HZD5fwNK8pOGPFCH-Ho9CjQJ6_ApW399WpcUfkVslf_2PnoGIv4JvJm=w135-h181
Aquino,Éber Aquino (Paraguay),sin datos,https://blogger.googleusercontent.com/img/a/AVvXsEgJLnZIChh6UXFZ9YC4vMjb15TZyoeYbRE6FRq3le-9of1C2QZx_co_9nS6HiZ3U0Vd7YQidEuWxKJZvTZl4k46Ke6FA2g4oNgS7ZQYNKwgNagf6oiBsUYH-eeiEgLGcBa-Gk6dfFS2QoBIoEoZVIYvVRmY1rGsdxfmMj8PZ46xWj2xGc4csF8YuGizocfa
Aragón,Augusto Aragón (Ecuador),sin datos,https://blogger.googleusercontent.com/img/a/AVvXsEhSgwwmijs3mIXYLr9iEfL_cKWs6wyOkhNfTP9sIGtwuZ9xiUK6HN7KsvdPCbMnkmnaoweyCmApbYYuYxjpLbaXvDbH3DfIXID8Jw9ntaHJ-eOhFVVJDdaVjHcMVBbZPEZR5AgFjVSm44v9TQR_PlzAodhrjmz7e35tt1AqlIxXyVQJwjiNddP_SBOyP3fB
Arasa,Nazareno Arasa,sin datos,https://blogger.googleusercontent.com/img/a/AVvXsEg8Mgw5bl-t1yDMVGKDOq_y7gsefAK_8u74llDPSsFYxR1l0YgWvFKr1HIrG4tiyLLcTklQa-LZvv6jQ_FmEarxnvam5VUwwL8h7qB-ZueI47QI5yokmbv2DxEW4k9SDbHYlIh1s7W5aTphWV5Jg4dnDeSbS2GK5ZYuIG-TClQH0Wcpx_xh-ibIhIVeIpfh
Araujo,Bruno Araujo (Brasil),sin datos,https://blogger.googleusercontent.com/img/a/AVvXsEjmGQyruPbjJ0yRtIbdGi3FKGfus_Tzstzjnjt9q5Lt5lMGGWBPsTVjyHMvH6CjKBxRGN6veovZjGMDI6JwS3lbsqAgmimud0v2-har0lKLTGineocUSsZ2C6A1V3PENWiBJzA35elAPhCz5h4mIPsnfL0yV2DkvHozBil3cTa0O4Kr33h1QLGad8oC-LAQ
Argañazaz,Pedro Argañaraz,sin datos,https://blogger.googleusercontent.com/img/a/AVvXsEggIfKO_EBJ-g_ukc-kbSpCJ99y90JzdlYHL_5st3f90F99INVaWdtbe6iVmuYsDLFJZ6G7MMaq9LMyFa2UUK37hGsWel2ev3ldoDzOMYOP6SMznMgmfb1iDU8hQAAT-xg7plPbIjv5DsQiBkU2O_d9bwqj-72siApjuu4es_0oXAKdR7VMaXwp7cYVanhQ
Argote,José Argote (Venezuela),"trabajaba para la Federación Venezolana pero había nacido en Colombia, lo que generó una gran controvercia cuando Huracán debió enfrentar en Colombia al Atlético Nacional, bajo su arbitraje poco imparcial.",https://blogger.googleusercontent.com/img/a/AVvXsEgw8oLXcwbJj-YRm9MLuQJcO5W_RJsXJXfn6E9Bt48S-YiyEVFtdklxAzUny_RmTvLm_IHO-x3YfIy1tUwl-pWVjoo-6d4HYFmRfjG_M2LnFVrCX_MZ6IJ0QsBMiIketDEkkxRZddWKWy1_P3vvprkQJ8NPTBKwpPkBcWLLc0qO1OzDYWipkX1rDzs_QkvC=w127-h170
Arias,Antonio Arias (Paraguay),sin datos,https://blogger.googleusercontent.com/img/a/AVvXsEjNhO6Yq-WkspNyvV6V--2JBoH9D8Y4XLWimOCBLMb7NEgS5ysROjxFCRunPJkn_ghiUKCWLmLYumw3hujdSQ5wS8rcPoQBKgIwyJGWjzlKgUKE7tCO6igwbHb5B-btZJia6R8N_IfYyOw9hL3xSo1GBKyjedDYvcQip3HEIlxPt7UUvo89mqQ7jU1D7Xm4
Arman,Federico Arman (Uruguay),sin datos,https://blogger.googleusercontent.com/img/a/AVvXsEiM-9H_ZRoPp1QMjBbflOK285nD2z6tpRQuXliTQMSPOzzGYTEciDqR8dzB4yQ9VyW4Q5GvRi8DS1T__baexAF_CVjMMGuRnLIInjCyDcUu20Ng0Wgn4CIeHb3DG9y3PPz-pOmrva9Vy-ciZROvYJ53CLPxG58-lVzp2NCqT6WAjxVcucnLj4WD_UKurqoU
Baldassi,Héctor Baldassi,sin datos,https://blogger.googleusercontent.com/img/a/AVvXsEgD0m9HHiUhe8CmgP2FWS71Iblz2eeiXjQtoMB6o0MSCFxIo5X63vaTPUVOScCtzhZD5Yogx_mWJNlUv_A0Bsnh0BA4xkE-vTNLHs6qgy63fNbQp_kmmNsJwF7stVivAMSCftJLDcwGfb5YeO3zMrIpYY4NshmfR6Un1ySUQRkIuhO69hR7DppK24lIXChP=w124-h164
Baliño,Jorge Baliño,"arbitró la Copa Ciudad de Buenos Aires contra San Lorenzo, en Mar del Plata, cuando el Globito ganó 3-1 en un encuentro que tuvo al 'cuervo' Blanco como expulsado.  En 2016 dirigió el clásico en el Bidegain, con triunfo 1-0 para los locales.",https://blogger.googleusercontent.com/img/a/AVvXsEhQGdiMq6pCOq3sewe8QIxGhTi9aesebRYVP5oN6q0N8n4pJr2ywckkAJjKpZ-3JraPtAStfrpQclJdp_ru0KdnPmve_kKJLDFAt34ZToXTlWbshiaB13tB0FazATMMzkKdO_Y7-RveZmvIrypYiyB3XIUnpEfD2kwT6aaA5f1R4Is1eqlK-gqFIze9tyEy
Barraza,Julio Barraza,sin datos,https://blogger.googleusercontent.com/img/a/AVvXsEhCe-_NQQR1RSj8vFYQSN4qPV9rBNT5DvAcZO17l3wetRBMV_S2yMygDZ4M4huclTtYgHsOXmbd0-nqULGPMBTMJgVGWpHiSy3j53oS0Kd5ThBmx2Lbrd7M6VcSwBgFLs37yYmORk2pTN_YLDUUtzH-A-HF6jZCBZLgn7WUUp1e3jBtKziet9yFAJceTu0H
Bassi,Gustavo Bassi,sin datos,https://blogger.googleusercontent.com/img/a/AVvXsEh1RKSatGM-JVA8aKtn2p8uDFK40YlshcF5B5KRKjN7ZddIG21ftDaDIIlYhBMkCd8C9OpBrG2bnRo6Vcdl0UIjtcuTBXhG3HKS5K0jLi5Msi3CD6j_QrctR0ORRKb89xmBOSaMSxuOirfDHOeNtx86wAlW8RTU27-QfZyRZKrIVC8Yaqm18NXV3b5gXh_q=w124-h164
Bascuñán,Julio Bascuñán (Chile),sin datos,https://blogger.googleusercontent.com/img/a/AVvXsEg3jL14YeTsfb8fB1i8MTDX0FEPMiLh4H5V6BBOpZYGZ1mRtrOufVJzUJfro88x5FqZdFlPPP7bcars_LpDkbtbUax1C9omg_5tqJMHubCTBjl4ORg1m2PdK5EJnLXb7xaP0lUaztfmXnVnOXKRIJ0LvsNjUAL-mik2uL-ZrJnK8ovpq7Twg4hbyfJ01U00
Beligoy,Federico Beligoy,sin datos,https://blogger.googleusercontent.com/img/a/AVvXsEitldNEaBZTtb6Kcsy7s4cYBZfVkOUJZIRQVFjfjbHsdjPKxnaX-cF2uMT7b-o0IepOz-ObCfZPondFBLeeRsYO6HMxTEimbzLpCVyuybVAaVXKUh_RobNY8loADdHygXIVPAXaeSZLRPySX7hLQaX4r5_6HiDJ1vk2zPxm3FWaEOHdqDfa209sA4xldaP-
Beloso,Gonzalo Beloso,sin datos,https://blogger.googleusercontent.com/img/a/AVvXsEj1U06qHMQsTkJnD89bOR2YTANvaLpGAWwM9qoA33rrV6tOtnIEcmfNntC46ZLQC7YMMMKYk-msDFE_EDEwot4hQDjTn15N9-poNmywvuZZWuRPv2Ye757g3OD05j-xSncQ7wDH5uDgUuzDIum686EUnHkxrkKEp4K8u0w2MFvsZ8wB47YP_1mlv0Jj5tTO=w112-h149
Bermúdez,Germán Bermúdez,sin datos,https://blogger.googleusercontent.com/img/a/AVvXsEic0JKEuw4QSgLjA5V0LzyRkRDrdD5AWIb52oDLr6QVDJAcULMkV9I4Y-UDzPjackyrlN-g2W6ZLNvwh8QNRAywNupoj-HtjS_gCexI5Ks7v1XiYrKdtCBAN6jlxY8dcquHZ9DAGpEUVqPaZCSdRp9ZoAkwsKcr3db-8U5F4DRWzPiK3aPVG3DEftbK_8VM=w113-h150
Brazenas,Gabriel Brazenas,"Gabriel Vito Brazenas.  Dirigió el partido de la última fecha del Clausura 2009, con Vélez.  Ese día anuló un gol legítimo a Domínguez, cobró un penal para Vélez y no cobró falta a Monzón en el gol de Vélez.  Ese fue su último partido en AFA.",https://blogger.googleusercontent.com/img/a/AVvXsEjpAJ4TCApZjBMlec_sf67-72Z2fmDjTlLTT8-6oKwG9M7OVQP_SIp0OJNXGXfbbzoNTTzvyZ7FXsBXaqY0si7apiYFdHaIAY_QOG-_0qHiJktegLGQ80allGJ4SH9OxLHLXbC-Xiw3XWeRb86ZVTtzcM1G09fcVc6nO2kX72vl0iZq-AdgpMhzf3c0bB5V
Buitrago,Hernando Buitrgo (Colombia),sin datos,foto
Cáceres,Enrique Cáceres (Paraguay),sin datos,foto
Carrillo,Víctor Carrillo (Perú),sin datos,https://blogger.googleusercontent.com/img/a/AVvXsEhJ5euVz0GtQlSMyWgBCNbeU1Ez6wAEq6MSCSFKGSoUWnLq1AB2TXOV3mKTdUs4lIe7gtu3pEVbch0WWsGJINR4nv5bUBB0C-bz0igB2KEKGmMILcHXqqopLTnLnBbM2MINCXcaGVNB8eRbu33FOjFLrLWfmiYDEMOlW4n51wAH0bhx5XMZnBljYZmhNLCj
Castro,Alejandro Castro,sin datos,foto
Ceballos,Diego Ceballos,"dirigió el desempate por el tercer puesto del Nacional B ante Independiente, que permitía un ascenso.  Ese día no cobró un gol a 'Wanchope' Ábila por considerar offside, cuando este estaba en posición legítima.",https://blogger.googleusercontent.com/img/a/AVvXsEgHvQTFmeQbOA5o-Pveg_RWRuiZQYQQCmcYi8aht6281K8OzrgUns0QKMXieBD07FqY7t84t5xwwsSqXFvhcx8lqVM8UciOiSJBlYDsFgswLfKcEPjVBi35aoCzXQGlMhWe63XvtgPTYn3yqykf3P_cVfAt2uw0gqSKHOFWj5RQP9PyOsqGJiLkK0UFzGta
Chacón,Francisco Chacón (México),sin datos,foto
Claus,Raphael Claus (Brasil),"Arbitró Uruguay-Chile, Uruguay-Paraguay y Colombia-Perú (3° puesto) en la Copa América 2021.  En el Mundial 2022 arbitró Inglaterra-Irán y Marruecos-Canadá.  En la Copa América 2024 dirigió Venezuela-México y la final entre Argentina y Colombia.",https://blogger.googleusercontent.com/img/a/AVvXsEiLbowXHdA_mOmRlm8qLD1PW7hKnrRLZoHyjP389pMN_sLPc5ULw_8-QxxPD_qOM2kcodoSEdJOtuyDfDXAz4IGZ-73ba5sRfzKiN6E8OHHWQ2yka-bQLtbp5W44jxjJ9kj4nW4-K0Y1tkU0XLSCoW2gOoLMJWZdaCERy1uKbcbxCHGn-hjjPcNnGomBxU3
Collado,Javier Collado,sin datos,foto
Comesaña,Lucas Comesaña,sin datos,https://blogger.googleusercontent.com/img/a/AVvXsEgjU2A39OL-qexc8biDO-sqDwbTlA_oi6tRQLwvjaC5p6Dft5kOcAcYMnrix7mtCTa89UdgJFv_nO02ol0LPtXYcuJ4e4hJZygOZ1UusB9r1yCTXKyUiVX9NWw_oZV5_5J1xyHkSIRq0tJy99JqNchQ-ew6zj2hp5pPOPF-GnBr5_1uOFab9DcV3YFyKkKz
Córdoba,Carlos Córdoba,sin datos,foto
Cunha,Andrés Cunha (Uruguay),sin datos,foto
Daronco,Anderson Daronco (Brasil),sin datos,https://blogger.googleusercontent.com/img/a/AVvXsEhgI-ruLiXKQak9-cY_YEKfJ6SOiBWmL3ygsOvWTiJrdG2KM4tKD375_6Vt2GdphiUZ1hAFePDK85cgU1_SMENwBNBlGj3V64rNvNPt-aS3h3Res4oR0fHeuhJuW0QGQ-qkVuSuCGvh-vKfgZgQCSYjQdN-6N9J6R4OXqqkn-oHeOf3cGnyU6ru7Rdx6D3b
Delfino,Germán Delfino,"condujo el desempate de 2014 en Mendoza, ante Atl. Tucumán, por un ascenso a primera.  Ese día ganó Huracán 4-1 en tiempo extra, siendo expulsados Leo Díaz y Calviño en el equipo tucumano.",https://blogger.googleusercontent.com/img/a/AVvXsEjws49c-DTxLpDiQwKt_zgX7jATacvmR_AaXTbRdsvPsfgKpJ78nuPU5HGK0KIcAPHa9AglGHqGvNgE52xM59yx8RY1wblIhqUEZQLPr10QIsmV4U43o7AGMkd5teV0gk7L4NwEaORu1PuTkQ0EUNj6OpsVPtEcpvPsksHVtEjLJPmmtnPDwuNV67pRSEFG
Díaz,Pablo Díaz,sin datos,foto
Díaz de Vivar,Mario Díaz de Vivar (Paraguay),sin datos,foto
Dóvalo,Pablo Dóvalo,sin datos,https://blogger.googleusercontent.com/img/a/AVvXsEgOJiekybTSjSsXnTm-pXIuhpohRcFX5aGm5Kj3CItWDFVaGJDBb95Mn4bU4o-y1erzVqcqqDBeBNmmDHH4ujpW2V_ZPhEZeaybaX2xvoH816ncVq-tioSyEE6GLhM3uxG1elAi9yqsWbnq3hBLV7YNaIp6PHCXd2IJEFk2-S8FfdPaCP1Mx9_C3Ma1xPiP
Echavarría,Pablo Echavarría,sin datos,https://blogger.googleusercontent.com/img/a/AVvXsEgid8XKFpBccsWXQtUf02TsPce0iS2jV8fjFY3Xm8aoX1c0Am2yhRNUx_hRpMwB6wfovzLLUtQ97M2pG-_Y_IXFWh6SWdlUycKpl5gPiuJRAF5GsCPconK8qJnapCdAqCuYMDAlASDEuFYTLczzLBsuIjRnB0zHbjtk9SxYvubzaIAhpPAnJBjzTMhCeKTq
Echenique,Fernando Echenique,"árbitro el clásico con San Lorenzo de 2021, en el Ducó, cuando se les ganó 2-1.",https://blogger.googleusercontent.com/img/a/AVvXsEg0ubW9CuxHjYXoS9JgXTYhhAZlCd5f0PDzy9yHkE1oBzp5WxlDjUFIcWMwXKzihUx9xCyk2IFrn_o4JolNBAfmrLICZIt7mM3Ax77QZc0WxMgqgMVWaJwQSdhJUh3ew25bJblIHuzpYjxkExpO2ajLEP8vrJnxZygBWPtHKDmt7HRAg88twcn1Gop4x71q
Espinoza F,Fernando Espinoza,"arbitró el clasico con San Lorenzo en 2019, cuando se les ganó 2-0 en el Ducó.",https://blogger.googleusercontent.com/img/a/AVvXsEgB8ivoZv_8ziY_-Xq_wkjayaceFw2ACAajmR0IEvFR6-mAXEd-8ky68WUheHTNvBUV3MOl5R3-yhEEMeSweAUiEDeaTK11AqiorfW7FlR0TylB4zTLw3nH518PXVbuMrsSZy_81SMUeVhIrhxXgL40Vp1Ohum68Ar_XQQz27zfnHZyGkPhZMmQAhU5ZLWr
Espinoza M,Michael Espinoza (Perú),sin datos,foto
Falcón Pérez,Yael Falcón Pérez,En la Copa América 2024 dirigió Costa Rica-Paraguay.,https://blogger.googleusercontent.com/img/a/AVvXsEjiq7yuSksFlcWwQSREWgzM0xve-JJYjXTM745MgMcpZOrpxt_MHe3TQu2fH18im-cXdZV5k93kwMmPPUv8u9SSv7WHhdkqfTiIepaxpGFwL5BeBp9Yql3vIEJeQO6eR-5yzjEBUnsKezwOdLdOLsLl3aGrj9vZaWorvFLZB-w-vvqIcPI5W4tzTgqByjCK
Faraoni,Cristian Faraoni,sin datos,foto
Favale,Gabriel Favale,"arbitró en 2011 la caída 0-3 con San Lorenzo, cuando se abrió el partido a partir de la expulsión de Facundo Quiroga y el penal otorgado a los locales.",https://blogger.googleusercontent.com/img/a/AVvXsEjKA3CxQs9MOUBJGdglvD7R7OUsf9YTWjf1Ut9E6IvGO27TrjX39Xakf3T-uRT3_ExYcZVD0919Bgz52kS_b2HedpZnd0CUIOSAxW3jG7WE_yjDXCa5vYlC43BTfmAIHSOvOafxlxx40_jGwrOp4wkfPxKmrESmgxwPcevLcpA-9yqu4p7J4XxriKSi3Mle
Fedorzuck,Daniel Fedorzuck (Uruguay),sin datos,foto
Fernández,Anahí Fernández (Uruguay),sin datos,https://blogger.googleusercontent.com/img/a/AVvXsEgx_wfbnJVBYQ7JQSg_P7_x6l3wnmoq6eYsqNk-ahk3jDD9fvODkvWgmJR6jaumyswFvtcyXunJuGFVpi7_SZRswFghWj-iejpTLpkomrs77Cukrir2JeqifLUIzk9Zr2A_ScLcv298Qe1B9zkgsscLvW3zVii_WRjv3U9hAeUhULR7fnwumO64lOGzGZP_
Fuentes,Jonathan Fuentes (Uruguay),sin datos,foto
Furchi,Rafael Furchi,sin datos,foto
Garay,Cristian Garay (Chile),Dirigió en la Copa América 2024 a Ecuador-Jamaica.,https://blogger.googleusercontent.com/img/a/AVvXsEg16wS0CvHKpfL60KzNVIxUo5yU49tLGOJWJpr-DNalAs-SrbFweMMI_D8FpUH9dIjRhxGlVtAQ4KBPAmS7hCoDjEMR9liTf5DFf4R1JbxD02yYf2MiMTojIEQyO8-gLFuQoZ2FXVVGLEOuECtsn0kOCel8wUGfpxpq_pw0GRoq_th9q8PPOe_s9ozcN5rb
Gariano,Andrés Gariano,Carlos Andrés Gariano,https://blogger.googleusercontent.com/img/a/AVvXsEg4Vm9WY_idTi7ZnI6Kx47qDrr4Tvj4z9ssW5Iu_hGxtWvqq8IqlXMX5qieK3LBiFaw09ODJW8yzHh5MRhZ8PXd67TXYKbxTYjE8V7NPsZX3tRVDsZGNdpk6kBw1mwuL1Xr-QXsUWFCIEHueeMFSU9zULUEBZ_07__YicvnsU_kohvrn4PFpw1-24k7WLlb
Giannini,Mauro Giannini,sin datos,foto
Gilabert,Leonardo Gilabert (Chile),sin datos,https://blogger.googleusercontent.com/img/a/AVvXsEimo1LQkJ4I8nLZgTBd2mtVqlgI4cpqHIWadjSwDeK67Ie0350zQYX3hEO6GX2qUzgwFZLSGnvVeteQfbUtI6QWnexo97gvu38KHj6kxBrhDYUo6Gh-MgcT2oL-T5LmFLQ7u9qIuzs5E0OjkDBGAhgc3rpiuZlkFo2TfHxfYlO4cbR98pJ2H__NCrxRyWSK
González L,Leodán González (Uruguay),Fue parte del VAR en el Mundial 2022.,https://blogger.googleusercontent.com/img/a/AVvXsEj5QZ6LFRRnXWT2NWoy1Uq_KBgpj7JuHheU5MRaAsB0yHFLUIhzzV-CYoKwlN0LpVVzzwhZe8dOGlRrLMv1JarxsgBiYjcawpWvuUSYr2mqoVcbW36nITiyDPPsSAqHqn7OKisQuSpanDPifx_3vRIh2j26J3MeTrpkVxsehG4v048khdcQQwWabNJT1yUn
González M,Mariano González,sin datos,https://blogger.googleusercontent.com/img/a/AVvXsEhm97EiRtIkJW_UIpRtplKTRyk9RMZGVGy-OhHAkSwHNyGtGU_NwgUu6cT75YQeBCkH1ext9FLDNLDRnqx312HyQfXtWfajB0TMiIqFDgLaa2IBiw7cjv4K-0GzCNXS_5TddnjKOZedHAmRa7A8nFSD2eoGANFkb5Kn1jT6UD1AWqVsizXo6KnfE7ebZKSa
Gutiérrez,Eduardo Gutiérrez,sin datos,foto
Guevara,Miguel Guevara (Colombia),sin datos,foto
Haro,Diego Haro (Perú),sin datos,https://blogger.googleusercontent.com/img/a/AVvXsEheZCXKi099xHjSYTvNgPwaG-FNBqMSF6PiUtExTsdYvo93QGvfilt2nSUm7WXIwPJF3AC_lRpsJyDft_lA_zEHcY4nr-x_VQHgmXebyRyo6pZ2V0EzhyDf8VCpbYr5WWSXFfNy1hNFZUANOXD_Xwn7MklJS-4u0H1F0MPGHFZ6h8f8TAxzMUq5vVF_tHBq
Heras,Hernán Heras (Uruguay),sin datos,https://blogger.googleusercontent.com/img/a/AVvXsEiDBbv1hd1gaORk8TVg-D7iIGMbiRYC7PWNaxNg9Krmo-1lKEHcwSfSpn_n9hBkO-PNXEajipX_dZjfZbp0BftExOOuVqenMbp9TrPyBq09MLHoNouXQqpGDRrnFhGIHTJB-qx9g-qRQkv3eHFFxf7MG6TVcBz84NO__TF7-5hs4-Bd23mwl58OqPNtMr3j
Herrera,Darío Herrera,"arbitró el clásico con San Lorenzo de 2016, en el Gasómetro, el día que el local ganó 2-0 y expulsaron a Patricio Toranzo.  En la Copa América 2024 dirigió Colombia-Paraguay y el partido de cuartos entre Uruguay-Brasil.  Volvió a conducir el clásico con San Lorenzo en 2025, cuando Huracán venció 2-0.",https://blogger.googleusercontent.com/img/a/AVvXsEgGCP0u111qiHgWAuJdmoOmMQctoX0o1El2luguH2VFpgM_1Z1Zq6U5XQv8PZ-HRi7CGS68tx5pQ7IithmZSTBcV62ywx9LGAJbqWSsnYBd8lhRs_F4W1thp3CaGzUm3YqnU4Pb_3iJZNOh8s_jr7ResBp-DIoX2TugO2V-mecUeEb-PKv4jFmaDh0ZAgXM
Lamolina,Nicolás Lamolina,sin datos,https://blogger.googleusercontent.com/img/a/AVvXsEguywBm7jk_cI0NED5bA6bieckaraReDRaRzSbNeCdwbbSt9TEgN-8fzvl2-iAlJMUVqwR_dDF3ZKI4FgSAiV2ZKF25ipuHb5RSBlARKwlXpKFU-SPz3DJQu-veQ_8HYfEubHvu3_9OcWAeDo0WVtRJeh3rqEn26yP9Y4P8wZCylt7lOVq7Y3vTsG8ZSiuI
Laverni,Saúl Laverni,"arbitró la caída 4-1 con San Lorenzo en 2008, en cancha de Boca, cuando expulsó a Pastore a los 14 minutos de un encuentro que suspendido por lluvia y continuado tres días después.  También dirigió el clásico con San Lorenzo del año siguiente, también en Boca, cuando se gnó 1-0 con gol de Paolo Goltz.  También dirigió en 2015 el clásico en el Bidegain con San Lorenzo, cuando los locales se impusieron 3-1 ",https://blogger.googleusercontent.com/img/a/AVvXsEhzNxFeJ4Vnf12thAds6F6Y-IAXLZOxkcWHVhx0EmK5ACY-M2LANrc6PsiMk8OB9YKTLfqtaTotisDI9ryVN0cOXm2t_qc0pU17dUI7uxZY1a8BeKGnuV6ySIii6Ku6AKKRi9PvvoAzYn3bgzbNASzWPwOeI5FUKCj2Bz-hQ47LFMlB1peR1dpI_wnodYYy
Lobo Medina,Luis Lobo Medina,sin datos,https://blogger.googleusercontent.com/img/a/AVvXsEjNIWbQMj8e8FthuTiGDs49M39G5mp41CZmJUMcD1ipBsulJVwXUrN62DLW59O_E99fswk5URlBWP2O2pu5UaJUR2VKsSfwGMQcQRNSZYzfZZQK97Yl4E3Pj2IN6yaxl43UOTP5NXf8yLSMQ59fq1kPVWtv067_k-q1OMEgulWGzQthllEeBvHiEv5sFSeW
Lopes,Héber Lopes (Brasil),sin datos,foto
Lunati,Pablo Lunati,"arbitró el clásico con San Lorenzo de 2010, cuando se le ganó 3-0 al equipo de Ramón Díaz.",https://blogger.googleusercontent.com/img/a/AVvXsEj9f1Q63KdmBV33s84l4dAwAgEymOu6K2qy9szZVFlJdX96AkiWGnI-mChEJ-gMBgzoYdh0FJc4WHLNcXRp6Te7ws5AQIJwXuegcrpj8V2UfXfODEpfNFttQcmh0ZuBk3dISRCPfIjPQLk4eST51X_H-SAffTcGPBirJIxpKO3dnsymFessXbhIDhhYDitz
Loustau,Patricio Loustau,"en 2018 dirigió la Copa Schneider de Mar del Plata, entre San Lorenzo y Huracán, ganando el Globito 2-0 con uno de los goles convertido de penal, por Mauro Bogado.  En la Copa América 2021 arbitró Brasil-Perú, Perú-Venezuela y el partido de cuartos entre Brasil-Chile.",https://blogger.googleusercontent.com/img/a/AVvXsEh5qyD8HidrQVQLkgyJCKg7bKUqfBzwj7v7NwwPH1VQTG7oMTVu_ZCh-pggl2XAmy2hViEuXnJRWinDqeq5lYhgFm6oY-gzZdl-JQDU1VJa53TgXywYuHtQ_TCtjLilmBWOag3d6Dm5zbK8PbnSvGarIGPghH5Zg-kmg3iSQS6ieDEvLbt8AnutKAWpcyfg
Machado,Braulio Machado (Brasil),sin datos,https://blogger.googleusercontent.com/img/a/AVvXsEiiDwOl_svcYclomKCRpo3VXouCDU_zoqdFLDUHSa_jby0hJ2kzL7eBrXnGpMPCGSO-yVKJonPv7Y28AR0v6wkE4bk1z7nBaGvfelUIdNM0uBiJljLISjLZpPtBYk97SDDs6j-cqk2erCuoWZTxVYYWeb2_NLZNNQH0Il8NRzULwXs3t6FnUMilbXifDnwA
Magalhaes,Wagner Magalhaes (Brasil),sin datos,foto
Maglio,Carlos Maglio,sin datos,foto
Maldonado,Oscar Maldonado (Bolivia),sin datos,foto
Márquez,Flavio Márquez,sin datos,foto
Martínez,Sebastián Martínez,sin datos,https://blogger.googleusercontent.com/img/a/AVvXsEivUVMFZcjmfqGKpfxEScg0rXdRNhE2G9mlUpqLqmxhRyvNkjIRMx6ISwpZN5IXJa8JEW8VFffm7u2Smuk-TtbLmyrDO5fenMT_d9HVhNBqmlsQwxH2Bh9B6pUiknH6Km2NXUejspei2BCly9GBg2Y5UrOG0a685dBb_WD0Ipod7dyJMfqAYeUTt3Os3OiU
Mastrángelo,Hernán Mastrángelo,sin datos,https://blogger.googleusercontent.com/img/a/AVvXsEgNZBDdDThDx5mQTt64NOYNnxob-XHcA92dO8GCxVoOLsv1qA-Kujql3l-HKSQvmav-WHhedFarNdux-itYO294sy_zAL7CUWHWcvaVAhZEgklYjD6w-L8Pl0I_LIEmd4YMtrB81pKJKMMfnhNpl0b_EGG-yXtvsa5IayA2V9QYEBIdsTEBhZrLUTPfaeN-
Matonte,Andrés Matonte (Uruguay),En el Mundial 2022 arbitró Marruecos-Bélgica.  En la Copa América 2024 dirigió Argentina-Chile y Argentina-Ecuador (cuartos).,https://blogger.googleusercontent.com/img/a/AVvXsEjbV5LTovnl9oeynQGAhGdjTU2xDfc5tQmNKDOvgRaMJqGRbwaEtg-CgG4u5Dqf5ginofLrOv8Vx5ESiILRbGSei3682P61w2QWmOB1ZbD3Z3bmizpU0LUqSVKPYh5L4hc-o3G6hAbAQUiN1xAShZd2JP7yhWgvRm1zUHOLFC80Qdw3F44bOZU8GREWL_2q
Menéndez,Augusto Menéndez (Perú),sin datos,https://blogger.googleusercontent.com/img/a/AVvXsEjD21_FAg7D3HtkPLwy91DaAirnsW181a8PaQtYHXo7mHTzybrwDXv3MXTJXUiS53FfNz7z_iDcNoP7TjFs2iYD8SlsPHYWoM55KQ5s2V435T8rYvIOmJLsgWm8kKXmtAZFNXa5JtspEQKIuSQWdjD_ZQqqiQvhjgidrINIwNU177YY2SNwoHfo7HhZ97BH
Mereles,Ulises Mereles (Paraguay),sin datos,foto
Merlos,Andrés Merlos,sin datos,foto
Montero,Ariel Montero,sin datos, foto
Morales,Fabricio Morales (México),sin datos,foto
Ortega C,Carlos Ortega (Colombia),sin datos,foto
Ortega K,Kevin Ortega (Perú),"Fue designado para actuar en el Mundial 2022, pero no dirigió ningún partido.  En la Copa América 2024 dirigió Uruguy-EEUU",foto
Osorio,Jorge OSorio (Chile),sin datos,foto
Ossés,Enrique Ossés (Chile),sin datos,foto
Paletta,Héctor Paletta,sin datos,foto
Penel,Ariel Penel,sin datos,foto
Peñuela,Francisco Peñuela (Colombia),sin datos,foto
Pezzotta,Sergio Pezzotta,"arbitró el clásico con San Lorenzo en el Gasómetro, con triunfo 2-0 para el local, día que expulsó a Paolo Goltz.  En 2015 condujo el clásico en que ganó Huracán 1-0 con gol de Toranzo, en el día que expulsó a Buffarini y Caruzzo",foto
Pitana,Néstor Pitana,"condujo el clásico con San Lorenzo de 2010, en el Gasómetro, cuando el local ganó 3-0 y expulsó a Ezequiel Filippetto.  En 2019 arbitró el clásico en la Copa de la Superliga, cuando empataron sin goles y pasó de ronda San Lorenzo tras los penales.  En la Copa América 2021 arbitró Colombia-Ecuador y Colombia-Brasil.",foto
Polic,Patricio Polic (Chile),sin datos,foto
Pompei,Juan P. Pompei,sin datos,foto
Ponce,Omar Ponce (Ecuador),sin datos,foto
Quintana,Julio Quintana (Paraguay),sin datos,foto
Raffa,Daniel Raffa,sin datos,foto
Ramírez,Maximiliano Ramírez,sin datos,foto
Ramírez,Nicolás Ramírez,sin datos,foto
Ramos,César Ramos (México),sin datos,foto
Rapallini,Fernando Rapallini,"arbitró el clásico son San Lorenzo de 2017, cuando el visitante se impuso 1-0 en el Ducó.  En el 2022 condujo el clásico en el Bidegain, cuando los locales ganaron 1-0.  En el Mundial de ese año arbitró Bélgica-Canadá, Suisa-Serbia y el partido de octavos entre Marruecos-España, que permitió el pase de los africanos por penales.",foto
Rey Hilfer,Leandro Rey Hilfer,sin datos,foto
Ricci,Sandro Ricci (Brasil),sin datos,foto
Rojas,Andrés Rojas (Colombia),sin datos,foto
Roldán,Wilmar Roldán (Colombia),En el Mundial 2014 arbitró México-Camerún y Argelia-Corea.  En el Mundial 2018 arbitró Inglaterra-Túnez y Arabia-Egipto.  En la Copa América 2021 arbitró Argentina-Chile y Paraguay-Chile.  Y en la de 2024 dirigió Chile-Canadá y Venezuela-Ecuador.,foto
Sabino,Alejandro Sabino,sin datos,foto
Samaniego,Armando Samaniego (Paraguay),sin datos,foto
Sampaio,Wilton Sampaio (Brasil),"Integró el equipo de VAR en el Mundial 2018.  En la Copa América 2021 arbitró Brasil-Uruguay y Argentin-Ecuador (cuartos).  En el Mundial 2022 arbitró Holanda-Senegal, Holanda-EEUU (octavos) y Francia-Inglaterra (cuartos).  En la Copa América 2024 dirigió Perú-Chile y Canadá-Venezuela (cuartos).",foto
Seneme,Wilson Seneme (Brasil),sin datos,foto
Stevenot,Maximiliano Stevenot,sin datos,fotos
Suárez,Ariel Suárez,sin datos,foto
Tello,Facundo Tello,sin datos,https://blogger.googleusercontent.com/img/a/AVvXsEgn4hOp4uG2c9R-GrlEx_QxCutzO_eaYsBw2CQhr-RzgpkwqdDDUaGI_Gcj73STw1KqvpGpJL4lO5xwyotZOHHbjj4mG9qMMBKmAlusfR8n0f2PC4bgTm3NjxFfA0RxSu2SW9sv3Pkabqv0sN5nev1599TNKeYZPAkcrifIUqJaOPfF36IxKMvSB-0ydh-g
Tobar,Roberto Tobar (Chile),sin datos,https://blogger.googleusercontent.com/img/a/AVvXsEjtPwuMLCq3I10xMF4y56AvXOk5twBJJpwkg3TD9PBkHiXiXIyv8swc44I2811MV27qZZjFQFAwsdW_fBANd4E1Uev8z93qEIJlBHquggpJVsjL0zyd1SecMNRF6iCBV3Ttc-R348-em1Kt6VkQXKhyKEVXal-jiRzjFGT-7aCqtz_pi9R-sEt2UE8AegXq=w116-h154
Toia,Alejandro Toia,sin datos,https://blogger.googleusercontent.com/img/a/AVvXsEg9leoXEDk2AuBn_pb-LCuBY-DACXD_bvZkLeU0tKwPJuGT8gO_ZwU2q5dXHZd8aODGwfdbm0o6knyNQkdRyUNX6Y61MrjbA-IHXqx3Cipli3PDRg3PJq8JwOkgA1t-0SM19s4lWcf58dM1Tr-QoYekXHCjLJ34QNdQG_y4u-rxjQSNgylLCNj0_RfEB8Sq=w116-h156
Trucco,Silvio Trucco,sin datos,https://blogger.googleusercontent.com/img/a/AVvXsEjdZj48iT-aMKACXeVd6yDkyvWW0mfb6CMrEgrmjYmAEhoiK3-YGjOxlJ4LzO5MD8qpdVLfMExppFGmSPriEDQwSli1hvRjBNavsnrfEPt9NtnV8Rbo75Pv_TGROZSlh4io7JlqbGMlPsyARGi6wkC6XZUKaEYOhhttyAGg76x4Veyvi3UCXyvfr5w2Bqv5=w114-h151
Valenzuela,Jesús Valenzuela (Venezuela),sin datos,https://blogger.googleusercontent.com/img/a/AVvXsEhuRj5n0gzufrlj8T7PsCMYEXRfUaPhhsLJPEKh4I5O6INoW91J3P9Hc7OuG7K2wPB_fE_lEP5ysaIh5ZQZq5mHzVlxfwNK9sXGV-Yag4AdP47CT-ZsXV6_5SmhKIUnQWgTD9_v0oyOVr_VeCSQitBOXwG4Ek6pTqyAuCbMZecMvRHvlwTZM5OwbKda9IGd=w110-h146
Vargas,Gery Vargas (Bolivia),sin datos,https://blogger.googleusercontent.com/img/a/AVvXsEiy-L4BS9E8H-Cu4x8jEdOfh6xQw1PdUAU7pfy6MSIFjUAWbFx_QPWjpB7bv7CQLpzXiu1bq9IFLAdwDujmo9v1oHSGD4_ZiuR3quIEEuGCRbDQOcE8iwsBaMaGYRu67BuKE5GQex1uYiBsIS1ShdiYovvt-4A9fAOYuHJFrc0TsI4XfHCmdB0UnGxmjfdI=w108-h145
Vélez,Adrián Vélez (Colombia),sin datos,https://blogger.googleusercontent.com/img/a/AVvXsEirB4GRCpWWOlJYJJ9L02pMCPoInImza0JJ0YvQajhiYjR903a3RvPNumphwLeygOsJqjvonYNYRBSLLM4HKnXLicXRophIdltlDUlPSdpYF6l67kOwuOOA5IX2nohy5uYlMRgz7vJOvP9oxoYbOs7XbfxxWMglkoJ-F3GEh5PPjYF5SitmMB4fHnpjBPj-=w125-h167
Vigliano,Mauro Vigliano,sin datos,https://blogger.googleusercontent.com/img/a/AVvXsEjGN0nBlvYDD99tuFCIB7pGyeFv0CcGAwK6nmroPr_6aFa-BAHpRHI9r5HRr_9ydDP63iNnnw7EIKy715XAdvcNVIze8EgcuePUYr2vQCNmJlyKSDktqry8t3Lndf2Yag1ZE2OECbNjRZq7jN7rOv6hbvVh_9hTK5gtk_cAJOZArR28PFbzG8TNxMmatpqP=w122-h163
Zambrano,Roddy Zambrano (Ecuador),sin datos,https://blogger.googleusercontent.com/img/a/AVvXsEihAlmBBMFs3ZdnNYhHyuVfxhHuVLOwznknSJHNmlL2Hz0Csl-QfUz1C00ZIlcIi_j6Ql6zVZhz4V2ZCwUbur15zIyuhADI23sek6WXrYXyHg4acgZGgGfvMRPltO5aXA8Gv5tg19slYSfvLJDs-uKG70OWU43km3LQKjXPOlCg0dTXZcp1ITYlTbYQ2wcG=w123-h165
Zunino,Sebastián Zunino,sin datos,https://blogger.googleusercontent.com/img/a/AVvXsEi4eS4fQic0t0-jD_ONO-NqKgYAO3UYVITEFj3lu0_PNIU597cLhxY0f-mZFGd-6nSJ465aB2AZ5u5Tr3hBgqJLPnxAvcVnpQR4hYwddY5FGJAYr37H30UU3Ycsjxeu5eYzFRJDxQXTYREmsB8J0THnqr8mAiCvZOldl6jT-H11JRppoFoRLtoQkBhu79f2=w116-h155
sin datos,sin datos,sin datos,foto

